Iteration,Machine,networkID,rep,step,addition,deletion,logSum,LOPT,Offered Options,Time
5,p0257.ten.osc.edu,yt,1,Initial,0,0,0.75,39170700.40658888,1134890,22976.664140224457
5,p0257.ten.osc.edu,yt,1,Intermediate,2618259,0,0.75,69642491.43273453,3323672,51454.216210603714
5,p0257.ten.osc.edu,yt,1,Intermediate,122958,966616,0.75,71696990.7614546,2367230,79236.66753339767
5,p0257.ten.osc.edu,yt,1,Intermediate,14495,23586,0.75,71770938.85556126,2354373,106427.60763669014
5,p0257.ten.osc.edu,yt,1,Intermediate,1427,651,0.75,71777023.4368807,2354730,130542.31186199188
5,p0257.ten.osc.edu,yt,1,Intermediate,204,75,0.75,71777835.08980073,2354776,151170.4246325493
5,p0257.ten.osc.edu,yt,1,Intermediate,54,11,0.75,71778172.56107445,2354791,169759.91692566872
5,p0257.ten.osc.edu,yt,1,Intermediate,10,2,0.75,71778198.11987874,2354798,186646.75565767288
5,p0257.ten.osc.edu,yt,1,Final,0,0,0.75,71778198.11986257,2354798,201157.77366042137
